0,1,2,3,4,5,6,7,8,9,10,11,12,13
,Tarifa Ofertas Semana 09,,Válida del 01 de Marzo al 06 de Marzo del 2021,,,,,I.V.A. no Incluido,0.1,0.15,0.2,,
Código,Sección,Producto,€/Kg. o €/Unidad,+ 5 kgs. o piezas (aplicado 10% dto.),+ 10 kgs. o piezas (aplicado 15% dto.),+ 25 kgs. o piezas (aplicado 20% dto.),Tipo I.V.A. aplicable,Origen,Origen,Origen,Origen,Su Pedido,
,,¡¡¡Productos Recomendados!!!,,,,,,,,,,,
1022.96,Productos Recomendados,Aguacate Hass BIO. Finca con certificado ecológico CAAE desde 1985 + certificado BIO Suisse desde 2009,3.69,3.3209999999999997,3.1365,2.952,0.04,Málaga,,,,,
1344,,Patata Elodie BIO (nueva cosecha 2021),1.39,1.251,1.1815,1.1119999999999999,0.04,Málaga,,,,,
6160,,"Aceituna negra (PULPA EN PASTA O PATÉ) BIO deshidratada en crudo, sin semilla, sin pasteurizar, sin sal… ideal como base para elaborar patés… (env. cristal 115 grs.)",2.39,PRECIO POR ENVASE DE CRISTAL DE  115 grs.,,,0.1,Málaga,,,,,
5179,,Aceituna negra deshidratada natural sin sal cosecha 2020 (producción propia) env. 500 grs. Finca orgánica sin certificado. RAW,5.89,Precio por envase de 500 grs.,,,0.04,Granada,,,,,
1520,,Aguacate Pinkerton BIO,4.69,4.221,3.9865000000000004,-,0.04,Granada,,,,,
6186,,"Naranja dulce variedad grano de oro BIO. Finca con más de 20 años en ecológico, regada con agua de manantial (principìo de temporada) ¡¡¡Fruta única!!!",1.49,1.341,1.2665,1.192,0.04,Granada,,,,,
5134,,Chirimoya ECONÓMICA  local  DE MUY BUENA CALIDAD ESTA SENANA (EN BUEN ESTADO) en caja de 4-5 kgs. (pedido mínimo 1 caja)¡¡Oferta!!,1.49,Precio por kilo en caja de 4-5 kgs. +/- (PEDIDO MÍNIMO DE UNA CAJA),,,0.04,Granada,,,,,
1619,,Guayaba BIO (producción propia). F.E. (fruta de la estación). Disponibilidad segura,3.69,3.3209999999999997,3.1365,2.952,0.04,Granada,,,,,
1119,,Higo de miel semi-seco de la Alpujarra BIO (grande) prensado env. 700 grs. cristal ¡¡¡Excelente y especial!!! F.E. (fruta de la estación),4.89,Precio por bote de cristal de 700 grs.,,,0.04,Granada,,,,,
6154,Productos Recomendados,Limquat BIO,3.19,2.871,2.7115,-,0.04,Granada,,,,,
1208,,"Naranja Navelina mesa BIO (PED.MIN. 400 KGS.) mediana/grande recolectada con hoja según pedido. Finca regada con agua de manantial. Fruta de temporada ¡¡¡Excelente calidad, dulce y jugosa!!! ¡¡¡Súper oferta!!!",0.64,Precio para un pedido mínimo de 400 kgs.,,,0.04,Granada,,,,,
1586,,Papaya Siluet BIO (madurada en planta),3.69,3.3209999999999997,3.1365,2.952,0.04,Málaga,,,,,
1024,,Pomelo Red Ruby BIO,1.98,1.782,1.683,-,0.04,Málaga,,,,,
3890,,Tomate Raff asurcado negro local de Miguel. Cultivo controlado residuo cero ¡¡¡Sabor excelente!!!,2.29,2.061,1.9465000000000001,1.832,0.04,Granada,,,,,
1117,,Apio verde BIO (producción propia),2.59,2.331,2.2015,-,0.04,Granada,,,,,
1015,,Boniato BIO recién cosechado (mediano),1.98,1.782,1.683,1.584,0.04,Granada,,,,,
1002,,Calabacín verde BIO,1.29,1.161,1.0965,1.032,0.04,Málaga,,,,,
3662,,Maracuyá morado local,8.59,7.731,7.3015,-,0.04,Granada,,,,,
6161,,Mandarina Murcott BIO (peso aprox. 60 grs. por unidad),1.79,1.611,1.5215,1.432,0.04,Málaga,,,,,
1062,,Puerro BIO (producción propia)¡¡Excelente!!,2.59,2.331,2.2015,-,0.04,Granada,,,,,
1858,,Lechuga Lollo rojo BIO (producción propia) ¡¡¡Excelente!!!,0.98,Precio por pieza,,,0.04,Granada,,,,,
1071,Productos Recomendados,Lechuga maravilla de verano BIO (producción propia) ¡¡¡Excelente!!!,0.98,PRECIO POR 2 PIEZAS,,,0.04,Granada,,,,,
1129,,Lechuga verde hoja larga y lisa tipo Romana BIO (producción propia) ¡¡¡Excelente!!! Piezas grandes,0.89,Precio por pieza (grande),,,0.04,Granada,,,,,
5048,,"Yacón fresco de Asturias (Smallanthus Sonchifolius). Piezas grandes con muy buena presencia, cultivo orgánico de confianza sin certificado ¡¡¡Único en Europa!!! ¡¡¡Calidad extra!!!",4.29,3.8609999999999998,-,-,0.04,Asturias,,,,,
,,Novedades,,,,,,,,,,,
6018,,Dátil Deglet Nour en rama de Israel BIO,8.69,7.821,-,-,0.04,Israel,,,,,
1679,,Remolacha sin hojas BIO,1.89,1.7009999999999998,-,-,0.04,Málaga,,,,,
3029,,Mandarina Fortuna local,1.69,1.521,1.4364999999999999,-,0.04,Granada,,,,,
6186,,"Naranja dulce variedad grano de oro BIO. Finca con más de 20 años en ecológico, regada con agua de manantial (principìo de temporada) ¡¡¡Fruta única!!!",1.49,1.341,1.2665,1.192,0.04,Granada,,,,,
3026,,Aguacate Californiano local,4.59,4.131,3.9015,-,0.04,Granada,,,,,
5198,Novedades,Aguacate Californiano local (ligeros defectos superficiales en la piel),3.79,3.411,3.2215,3.032,0.04,Granada,,,,,
3142,,Calabaza Butternut local,1.19,1.071,1.0114999999999998,-,0.04,Granada,,,,,
1263,,Mandarina Clemenules BIO (solo 8 kgs. en stock),1.49,-,-,-,0.04,Granada,,,,,
3312,,Aguacate Bacon local (pequeño). Solo 25 kgs. en stock,3.49,3.141,-,-,0.04,Granada,,,,,
1685,,Chucrut crudo sin pasteurizar artesanal BIO (env. cristal 500 grs.),3.19,Precio por envase de cristal de 500 ml.,,,0.21,Granada,,,,,
1688,,Chucrut crudo sin pasteurizar artesanal BIO (env. cristal 250 grs.),2.49,Precio por envase de cristal de 250 ml.,,,0.21,Granada,,,,,
1208,,"Naranja Navelina mesa BIO CON DEFECTOS mediana/grande recolectada con hoja según pedido. Finca con más de 20 años en ecológico, regada con agua de manantial. Fruta de temporada ¡¡¡Excelente calidad, dulce y jugosa!!! ¡¡¡Súper oferta!!!",0.39,-,-,-,0.04,Granada,,,,,
,Súper Ofertas,Súper Ofertas,,,,,,,,,,,
1979,,Coliflor blanca BIO (pieza),2.98,Precio por pieza,,,0.04,Málaga,,,,,
1015,,Boniato BIO recién cosechado (mediano),1.98,1.782,1.683,1.584,0.04,Granada,,,,,
1344,,Patata Elodie BIO (nueva cosecha 2021),1.39,1.251,1.1815,1.1119999999999999,0.04,Málaga,,,,,
1022.96,,Aguacate Hass BIO. Finca con certificado ecológico CAAE desde 1985 + certificado BIO Suisse desde 2009,3.69,3.3209999999999997,3.1365,2.952,0.04,Málaga,,,,,
5134,,Chirimoya ECONÓMICA  local  DE MUY BUENA CALIDAD ESTA SENANA (EN BUEN ESTADO) en caja de 4-5 kgs. (pedido mínimo 1 caja)¡¡Oferta!!,1.49,Precio por kilo en caja de 4-5 kgs. +/- (PEDIDO MÍNIMO DE UNA CAJA),,,0.04,Granada,,,,,
1002,,Calabacín verde BIO,1.29,1.161,1.0965,1.032,0.04,Málaga,,,,,
6161,,Mandarina Murcott BIO (peso aprox. 60 grs. por unidad),1.79,1.611,1.5215,1.432,0.04,Málaga,,,,,
,Bajadas de Precio,Bajadas de Precio,,,,,,,,,,,
1619,,Guayaba BIO (producción propia). F.E. (fruta de la estación). Disponibilidad segura,3.69,3.3209999999999997,3.1365,2.952,0.04,Granada,,,,,
6154,Bajadas de Precio,Limquat BIO,3.19,2.871,2.7115,-,0.04,Granada,,,,,
1489,,Limón BIO variedad antigua (piezas grandes),1.89,1.7009999999999998,1.6065,-,0.04,Málaga,,,,,
6152,,Naranja amarga BIO,1.49,1.341,1.2665,-,0.04,Málaga,,,,,
3085,,"Naranja dulce local variedad cañadú (variedad antigua en peligro de extinción, cero acidez) ¡¡¡Fruta única!!!",1.09,0.9810000000000001,0.9265000000000001,0.8720000000000001,0.04,Granada,,,,,
1179,,Piña BIO,2.89,2.601,-,-,0.04,Costa Rica,,,,,
1425,,Nabo blanco BIO,2.69,2.421,-,-,0.04,Málaga,,,,,
1055,,Pimiento California rojo BIO,3.19,2.871,-,-,0.04,Málaga,,,,,
3091-3909. 350.1,,Aguacate Hass local (calibre pequeño/mediano empezando levemente a madurar),1.94,1.746,1.649,-,0.04,Málaga,,,,,
3278,,Mandarina aromática/castellana local con semilla variedad antigua muy jugosa ¡¡¡Oferta recomendada!!!,1.39,1.251,1.1815,-,0.04,Málaga,,,,,
3694- 3006,,Papaya Intenzza/Siluet local,2.29,2.061,1.9465000000000001,1.832,0.04,Granada,,,,,
1004,,Pepino Holandés NIO,3.59,3.231,,,0.04,GRanada,,,,,
5048,,"Yacón fresco de Asturias (Smallanthus Sonchifolius). Piezas grandes con muy buena presencia, cultivo orgánico de confianza sin certificado ¡¡¡Único en Europa!!! ¡¡¡Calidad extra!!!",4.29,3.8609999999999998,-,-,0.04,Asturias,,,,,
,Frutas,Frutas,,,,,,,,,,,
1145,,Aceituna Aloreña verde aliñada en agua con sal BIO no pasteurizada (env. 550 grs. cristal),3.39,3.051,Precio por envase de cristal de 550 grs.,,0.1,Málaga,,,,,
6025,,Aceituna Aloreña verde aliñada en agua con sal BIO no pasteurizada (env. 800 grs.),3.98,3.582,Precio por envase de plástico de 800 grs.,,0.1,Málaga,,,,,
6160,,"Aceituna negra (PULPA EN PASTA O PATÉ) BIO deshidratada en crudo, sin semilla, sin pasteurizar, sin sal… ideal como base para elaborar patés… (env. cristal 115 grs.)",2.39,PRECIO POR ENVASE DE CRISTAL DE  115 grs.,,,0.1,Málaga,,,,,
6160,,"Aceituna negra (PULPA EN PASTA O PATÉ) BIO deshidratada en crudo, sin semilla, sin pasteurizar, sin sal… ideal como base para elaborar patés… (env. cristal 310 grs.)",5.79,PRECIO POR ENVASE DE CRISTAL DE  310 grs.,,,0.1,Málaga,,,,,
6160,,"Aceituna negra (PULPA EN PASTA O PATÉ) BIO deshidratada en crudo, sin semilla, sin pasteurizar, sin sal… ideal como base para elaborar patés… (env. 4 kgs.)",16.49,PRECIO POR KG EN ENVASE DE    4 KG,,,0.1,Málaga,,,,,
5179,,Aceituna negra deshidratada natural sin sal cosecha 2020 (producción propia) env. 500 grs. Finca orgánica sin certificado. RAW,5.89,Precio por envase de 500 grs.,,,0.04,Granada,,,,,
5119-F,,Aceituna negra fresca fermentada sin agua y sin sal no pasteurizada (env. 400 grs. cristal). Procedende de finca con cultivo orgánico,7.59,Precio por envase de cristal de 400 grs. +/-,,,0.04,Valencia,,,,,
5119-S,,Aceituna negra seca fermentada sin agua y sin sal no pasteurizada (env. 400 grs. cristal). Procedende de finca con cultivo orgánico,7.59,Precio por envase de cristal de 400 grs. +/-,,,0.04,Valencia,,,,,
5119-SF,Frutas,Aceituna negra semi-fresca fermentada sin agua y sin sal no pasteurizada (env. 400 grs. cristal). Procedende de finca con cultivo orgánico,7.59,Precio por envase de cristal de 400 grs. +/-,,,0.04,Valencia,,,,,
5119-SS,,Aceituna negra semi-seca fermentada sin agua y sin sal no pasteurizada (env. 400 grs. cristal). Procedende de finca con cultivo orgánico,7.59,Precio por envase de cristal de 400 grs. +/-,,,0.04,Valencia,,,,,
1541,,Aceituna negra semi-seca sin hueso con sal sin agua BIO no pasteurizada (env. 500 grs.) ,6.98,Precio por envase de 500 grs.,,,0.1,Importación,,,,,
3312,,Aguacate Bacon local (pequeño). Solo 25 kgs. en stock,3.49,3.141,-,-,0.04,Granada,,,,,
3001,,Aguacate Bacon local (poca cantidad),3.98,3.582,3.383,-,0.04,Granada,,,,,
3026,,Aguacate Californiano local,4.59,4.131,3.9015,-,0.04,Granada,,,,,
5198,,Aguacate Californiano local (ligeros defectos superficiales en la piel),3.79,3.411,3.2215,3.032,0.04,Granada,,,,,
5090-5091-3909- 5060,,Aguacate económico local (pequeño o con defectos estéticos en la piel),1.98,1.782,1.683,-,0.04,Málaga,,,,,
3267,,Aguacate Fuerte cocktail local,5.74,5.166,-,-,0.04,Málaga,,,,,
3048- 3773,Frutas,Aguacate Fuerte local,4.49,4.041,3.8165000000000004,3.592,0.04,Málaga,,,,,
1022.96,,Aguacate Hass BIO. Finca con certificado ecológico CAAE desde 1985 + certificado BIO Suisse desde 2009,3.69,3.3209999999999997,3.1365,2.952,0.04,Málaga,,,,,
1022. 115/   1022.908,,Aguacate Hass BIO recién recolectado (select product). Producción propia,4.69,4.221,3.9865000000000004,-,0.04,Granada,,,,,
1473- 1200.96- 1300,,"Aguacate Hass BIO (empezando a madurar, pequeño o con defectos estéticos en la piel). Disponibilidad incierta",3.29,2.961,2.7965,2.632,0.04,Málaga,,,,,
3091-3909. 350.1,,Aguacate Hass local (calibre pequeño/mediano empezando levemente a madurar),1.94,1.746,1.649,-,0.04,Málaga,,,,,
3009,,Aguacate Hass local (select product),4.59,4.131,3.9015,3.6719999999999997,0.04,Granada,,,,,
3060,,Aguacate Lamb Hass local,3.89,3.5010000000000003,3.3065,-,0.04,Málaga,,,,,
1520,,Aguacate Pinkerton BIO,4.69,4.221,3.9865000000000004,-,0.04,Granada,,,,,
1369,,Aguacate Reed BIO (piezas grandes),4.89,4.401,4.156499999999999,-,0.04,Granada,,,,,
3034,,Aguacate Reed local,3.98,3.582,3.383,-,0.04,Granada,,,,,
5197,,Aguacate Reed local (con defectos en la piel),2.98,2.682,2.533,2.384,0.04,Granada,,,,,
3365,Frutas,Aguacate Torrox-24 local,3.89,3.5010000000000003,3.3065,-,0.04,Granada,,,,,
6117,,Algarroba BIO de la Alpujarra al natural en vaina (nueva cosecha) (env. 400 grs.) F.E. (fruta de la estación),0.98,Precio por bolsa de 400 grs.,,,0.04,Granada,,,,,
6117,,Algarroba BIO de la Alpujarra al natural en vaina (nueva cosecha) F.E. (fruta de la estación),1.98,1.782,1.683,1.584,0.04,Granada,,,,,
3012,,Caña de azúcar local (fruto de la estación),1.29,1.161,1.0965,-,0.04,Málaga,,,,,
5051,,Caña de azúcar local negra (por fuera). F.E. Fruto de la estación,1.49,1.341,1.2665,-,0.04,Granada,,,,,
3241,,Castaña local de alta montaña (1ª calidad),6.49,-,-,-,0.04,Nacional,,,,,
1178-2004- 6065- 2214,,Chirimoya BIO/RECONVERSIÓN producción propia (Fino de Jete/Campas) F.E. (fruta de la estación),4.39,3.9509999999999996,3.7314999999999996,3.5119999999999996,0.04,Granada,,,,,
5134,,Chirimoya ECONÓMICA  local  DE MUY BUENA CALIDAD ESTA SENANA (EN BUEN ESTADO) en caja de 4-5 kgs. (pedido mínimo 1 caja)¡¡Oferta!!,1.49,Precio por kilo en caja de 4-5 kgs. +/- (PEDIDO MÍNIMO DE UNA CAJA),,,0.04,Granada,,,,,
3032,,Chirimoya local producción propia. Finca en proceso de reconversión a la agricultura ecológica. F.E. (fruta de la estación) ,3.98,3.582,3.383,-,0.04,Salobreña,,,,,
3391,,Coco Pagode fresco (pieza) ¡¡¡Delicioso y especial!!! ,2.98,2.682,-,-,0.04,Tailandia,,,,,
OFERTA,,"Fruta BIO / local variada económica (medio madura, defectos, …) en caja de 3-5 kgs. o más (sin reclamación)",1.29,Precio por kilo en caja de 3-5 kgs. o más,,,0.04,Granada,,,,,
1619,Frutas,Guayaba BIO (producción propia). F.E. (fruta de la estación). Disponibilidad segura,3.69,3.3209999999999997,3.1365,2.952,0.04,Granada,,,,,
3217,,Guayaba local F.E. (fruta de la estación),3.59,3.231,3.0515,-,0.04,Granada,,,,,
3138,,Higo Chumbo local (poca cantidad),6.98,-,-,-,0.04,Nacional,,,,,
3177,,Higo Cuello de Dama seco-blando (nueva cosecha 2020). F.E. (fruta de la estación),5.89,5.301,5.0065,-,0.04,Ávila,,,,,
5128,,Higo Cuello de Dama seco-blando pequeño (nueva cosecha 2020). F.E. (fruta de la estación). SOLO SE SIRVE EN BOLSA DE 4 KGS.,3.49,3.141,2.9665000000000004,Precio por kilo en bolsa de 4 kgs.,0.04,Ávila,,,,,
5150,,Higo de miel bañado en chocolate crudo con vainilla natural y sin azúcar. Apto para diabéticos (20 unidades/bandeja 300 grs. +/-). Producción propia artesanal. RAW,5.98,Precio por bandeja de 20 unidades,,,0.04,Nacional,,,,,
1119,,Higo de miel semi-seco de la Alpujarra BIO (grande) prensado env. 700 grs. cristal ¡¡¡Excelente y especial!!! F.E. (fruta de la estación),4.89,Precio por bote de cristal de 700 grs.,,,0.04,Granada,,,,,
1119,,Higo de miel semi-seco de la Alpujarra BIO (grande) ¡¡¡Excelente y especial!!! F.E. (fruta de la estación),6.19,5.571000000000001,5.261500000000001,-,0.04,Granada,,,,,
6116,,Higo de miel semi-seco de la Alpujarra BIO (pequeño) ¡¡¡Excelente y especial!!! F.E. (fruta de la estación),4.94,4.446000000000001,-,-,0.04,Granada,,,,,
3873,,Higo granillo seco-blando (nueva cosecha 2020),4.44,3.9960000000000004,3.7740000000000005,-,0.04,Ávila,,,,,
1548,,Higo seco turco BIO,8.59,7.731,-,-,0.04,Turquía,,,,,
3790,,Higo semi-seco prensado en serete de hoja natural de palma (env. de 900 grs.+/-),8.69,7.821,Precio por serete de 900 grs. +/-,,0.1,Málaga,,,,,
5236,,Granada,3.69,3.3209999999999997,-,-,0.04,Importación,,,,,
1020,,Kiwi BIO,3.69,3.3209999999999997,-,-,0.04,Nacional,,,,,
3276,Frutas,"Kiwi Hayward local montañas del Pais Vasco mediano/grande de Leire. Cultivo natural, regado con agua de manantial ¡¡¡Excelente sabor y calidad!!!",3.29,2.961,2.7965,-,0.04,Pais Vasco,,,,,
1254,,Kumquat BIO,3.59,3.231,3.0515,-,0.04,Granada,,,,,
3011,,Kumquat local (con todo el color),2.89,2.601,2.4565,-,0.04,Málaga,,,,,
3307,,Limquat local nueva cosecha (una explosión de jugo),1.69,1.521,1.4364999999999999,1.3519999999999999,0.04,Granada,,,,,
6154,,Limquat BIO,3.19,2.871,2.7115,-,0.04,Granada,,,,,
1023,Frutas,"Limón BIO color amarillo, calibre mediano/grande, madurado en el árbol y recolectado según pedido, muy jugoso. F.E. (fruta de la estación) ¡¡¡Excelente calidad!!!",1.39,1.251,1.1815,1.1119999999999999,0.04,Granada,,,,,
1023,,"Limón BIO color amarillo, calibre mediano/grande, madurado en el árbol y recolectado según pedido, muy jugoso. F.E. (fruta de la estación) ¡¡¡Excelente calidad!!! ¡¡¡Súper oferta!!!",0.69,Precio para un pedido mínimo de 200 kgs.,,,0.04,Granada,,,,,
1489,,Limón BIO variedad antigua (piezas grandes),1.89,1.7009999999999998,1.6065,-,0.04,Málaga,,,,,
3421,,"Limón local fino, arómatico y jugoso, finca orgánica no certificada",1.49,1.341,1.2665,1.192,0.04,Granada,,,,,
1266,,Mandarina aromática/castellana BIO con semilla variedad antigua muy jugosa. Sólo 35 kg en stock,1.89,1.7009999999999998,1.6065,-,0.04,Granada,,,,,
3278,,Mandarina aromática/castellana local con semilla variedad antigua muy jugosa ¡¡¡Oferta recomendada!!!,1.39,1.251,1.1815,-,0.04,Málaga,,,,,
1263,,Mandarina Clemenules BIO (sólo 8 kgs. en stock),1.49,-,-,-,0.04,Granada,,,,,
3029,,Mandarina Fortuna local,1.69,1.521,1.4364999999999999,-,0.04,Granada,,,,,
6161,,Mandarina Murcott BIO (peso aprox. 60 grs. por unidad),1.79,1.611,1.5215,1.432,0.04,Málaga,,,,,
1342,,Mandarina Nadorcott BIO (sólo 25 kg en stock),2.79,2.511,2.3715,-,0.04,Málaga,,,,,
5089,,Mandarina Ortanique local,1.79,1.611,1.5215,1.432,0.04,Málaga,,,,,
6165,,Mandarina Queen BIO,2.39,2.1510000000000002,2.0315000000000003,-,0.04,Málaga,,,,,
5215,,Mango deshidratado a baja temperatura Irwin gourmet (crudo y en láminas),38.98,-,-,-,0.04,Granada,,,,,
5162,,Mango deshidratado semi-seco artesanal Keitt (env. 500 grs.) RAW,9.89,Precio por tarrina (biodegradable) de 500 grs.,,,0.04,Granada,,,,,
5162,Frutas,Mango deshidratado semi-seco artesanal Keitt (env. 3 kgs.) RAW,15.98,Precio por kilo en bolsa (biodegradable) de 3 kgs.,,,0.04,Granada,,,,,
5176,,Mango deshidratado semi-seco artesanal Kensington (env. 500 grs.) RAW,9.98,Precio por tarrina (biodegradable) de 500 grs.,,,0.04,Granada,,,,,
5163,,Mango deshidratado a baja temperatura semi-seco artesanal Kent (env. 500 grs.) RAW,10.89,Precio por tarrina (biodegradable) de 500 grs.,,,0.04,Granada,,,,,
5170,,Mango deshidratado semi-seco artesanal Lipens (env. 500 grs.) RAW,9.89,Precio por tarrina (biodegradable) de 500 grs.,,,0.04,Granada,,,,,
5165,,Mango deshidratado semi-seco artesanal Osteen (env. 500 grs.) RAW,9.89,Precio por tarrina (biodegradable) de 500 grs.,,,0.04,Granada,,,,,
5165,,Mango deshidratado semi-seco artesanal Osteen (env. 3 kgs.) RAW,15.98,Precio por kilo en bolsa (biodegradable) de 3 kgs.,,,0.04,Granada,,,,,
1039,,Manzana Fuji BIO (con pequeños defectos en la piel) ¡¡¡Calidad excelente!!! (Familia Joan),1.69,1.521,1.4364999999999999,1.3519999999999999,0.04,Lérida,,,,,
6143,,Manzana Fuji mediana BIO ¡¡¡Calidad excelente!!! (Familia Joan),1.94,1.746,1.649,1.552,0.04,Lérida,,,,,
3478,,Manzana Fuji local,2.09,1.8809999999999998,-,-,0.04,Nacional,,,,,
1594,,Manzana Golden BIO,2.49,2.241,-,-,0.04,Italia,,,,,
3706,,Manzana Reineta,3.98,3.582,-,-,0.04,Nacional,,,,,
1568,,Manzana Royal Gala BIO,2.69,2.421,-,-,0.04,Italia,,,,,
3662,,Maracuyá morado local,8.59,7.731,7.3015,-,0.04,Granada,,,,,
3112,,Melón piel de sapo (muy dulce y de textura suave) ¡¡¡Excelente calidad!!!,2.49,2.241,2.1165000000000003,-,0.04,Nacional,,,,,
6152,,Naranja amarga BIO,1.49,1.341,1.2665,-,0.04,Málaga,,,,,
5183,,Naranja amarga local (solo 3 kgs. en stock),1.29,-,-,-,0.04,Granada,,,,,
3085,,"Naranja dulce local variedad cañadú (variedad antigua en peligro de extinción, cero acidez) ¡¡¡Fruta única!!!",1.09,0.9810000000000001,0.9265000000000001,0.8720000000000001,0.04,Granada,,,,,
6186,,"Naranja dulce variedad grano de oro BIO. Finca con más de 20 años en ecológico, regada con agua de manantial (principìo de temporada) ¡¡¡Fruta única!!!",1.49,1.341,1.2665,1.192,0.04,Granada,,,,,
1208,Frutas,"Naranja Navelina mesa BIO mediana/grande recolectada con hoja según pedido. Finca con más de 20 años en ecológico, regada con agua de manantial. Fruta de temporada ¡¡¡Excelente calidad, dulce y jugosa!!! ¡¡¡Súper oferta!!!",1.19,1.071,1.0114999999999998,0.952,0.04,Granada,,,,,
1208,,"Naranja Navelina mesa BIO (PED.MIN. 400 KGS.) mediana/grande recolectada con hoja según pedido. Finca regada con agua de manantial. Fruta de temporada ¡¡¡Excelente calidad, dulce y jugosa!!! ¡¡¡Súper oferta!!!",0.64,Precio para un pedido mínimo de 400 kgs.,,,0.04,Granada,,,,,
1208,,"Naranja Navelina mesa BIO CON DEFECTOS mediana/grande recolectada con hoja según pedido. Finca con más de 20 años en ecológico, regada con agua de manantial. Fruta de temporada ¡¡¡Excelente calidad, dulce y jugosa!!! ¡¡¡Súper oferta!!!",0.39,-,-,-,0.04,Granada,,,,,
3136,,Naranja Navelina mesa (producción propia). Año Cero de producción ecológica,0.89,0.801,0.7565,0.712,0.04,Granada,,,,,
3309,,Naranja sanguina local ,1.39,1.251,1.1815,-,0.04,Granada,,,,,
3006-3694,,Papaya Intenzza/Siluet local,2.29,2.061,1.9465000000000001,1.832,0.04,Granada,,,,,
1586,,Papaya Siluet BIO (madurada en planta),3.69,3.3209999999999997,3.1365,2.952,0.04,Málaga,,,,,
3043,,Pera Conferencia,1.98,1.782,1.683,-,0.04,Nacional,,,,,
1123,,Pera Conferencia BIO,2.98,2.682,2.533,-,0.04,Nacional,,,,,
3163,,Pera Melón local (meloncillo de Perú). Fruta empezando la temporada pero ya está bien madura,3.89,3.5010000000000003,3.3065,-,0.04,Granada,,,,,
1179,,Piña BIO,2.89,2.601,-,-,0.04,Costa Rica,,,,,
3020,,"Piña madurada en planta (recibida por avión) ¡¡¡Súper buena, color intenso, muy aromática!!!",2.98,2.682,2.533,-,0.04,Costa Rica,,,,,
5148,Frutas,"Piña madurada en planta POR PIEZA SUELTA (recibida por avión) ¡¡¡Súper buena, color intenso, muy aromática!!! ¡¡¡Seleccionadas, tamaño grande!!!",6.98,6.282,5.933000000000001,PRECIOS POR PIEZA,0.04,Costa Rica,,,,,
3460,,Plátano Cavendish de las Islas ,2.69,2.421,2.2865,2.152,0.04,Canarias,,,,,
1007,,Plátano Cavendish de las Islas BIO,2.89,2.601,2.4565,-,0.04,Canarias,,,,,
3033,,Plátano Cavendish local (madurado en la planta) .Disponibilidad incierta,2.98,2.682,2.533,2.384,0.04,Andalucía,,,,,
3007,,Plátano cuadrado local (poca cantidad),2.98,2.682,-,-,0.04,Granada,,,,,
3746,,"Plátano deshidratado semi-seco artesanal, escogidos de nuestra propia producción ecológica (env. 200 grs.)",3.39,Precio por tarrina (biodegradable) de 200 grs.,,,0.04,Granada,,,,,
1041,,Pomelo amarillo BIO. Finca con certificado ecológico CAAE desde 1985 + certificado BIO Suisse desde 2009,1.89,1.7009999999999998,1.6065,1.512,0.04,Málaga,,,,,
3668,,Pomelo amarillo local,1.49,1.341,1.2665,1.192,0.04,Málaga,,,,,
3303,,Pomelo chino / Pamplemusa local (piezas muy grandes). Finca de cultivo natural,3.98,3.582,3.383,-,0.04,Granada,,,,,
3801,,Pomelo Pink local (muy jugoso),1.69,1.521,1.4364999999999999,1.3519999999999999,0.04,Granada,,,,,
1024,,Pomelo Red Ruby BIO,1.98,1.782,1.683,-,0.04,Málaga,,,,,
3442,Frutas,Pomelo Red Ruby local,1.79,1.611,1.5215,1.432,0.04,Granada,,,,,
3545,,Tamarindo,7.49,6.741,-,-,0.04,Tailandia,,,,,
5268,,Uva negra sin semilla var. Sable (dulce y muy exquisita al paladar). Sólo 13 kg en stock,4.39,-,-,-,0.04,South África,,,,,
3752,,Uva pasa Moscatel en grano (cosecha 2020) env. 500 grs.,4.98,Precio por envase de 500 grs.,,,0.04,Málaga,,,,,
3753,,Uva pasa Moscatel en racimo (cosecha 2020) env. 500 grs.,4.98,Precio por envase de 500 grs.,,,0.04,Málaga,,,,,
1073,,Uva pasa Sultana BIO (env. 500 grs.). ,2.98,Precio por envase de 500 grs.,,,0.04,Turquía,,,,,
1073,,Uva pasa Sultana BIO (env. 1 kg.). ,4.98,4.482,4.2330000000000005,-,0.04,Turquía,,,,,
,Verduras,Verduras,,,,,,,,,,,
1257,,Acelga verde BIO producción propia (hoja verde y carnosa),1.89,1.7009999999999998,-,-,0.04,Granada,,,,,
1100-1312,,Ajo blanco o morado BIO,6.39,-,-,-,0.04,Málaga,,,,,
1312. 934.1,,Ajo morado BIO (piezas grandes de Sergio),4.98,4.482,4.2330000000000005,3.9840000000000004,0.04,Granada,,,,,
1853,,Ajo negro fermentado BIO (bolsa 3 piezas de 30/40 grs. +/-),5.69,Precio por bolsa de 3 piezas de 30/40 grs.+/-,,,0.1,Nacional,,,,,
1853,,Ajo negro fermentado BIO (bolsa 1 kg.),50.98,Precio por bolsa de 1 kg. (sobre 25-30 piezas aprox.),,,0.1,Nacional,,,,,
6020,,Ajo negro fermentado pelado BIO (env. 50 grs.),4.19,3.7710000000000004,Precio por envase de cristal de 50 ml.,,0.1,Nacional,,,,,
1218,,Alcachofa BIO,4.59,4.131,-,-,0.04,Málaga,,,,,
1102,Verduras,Aloe Vera hoja fresca BIO (por pieza) ¡¡¡Plantas con más de 40 años!!!,2.59,2.331,2.2015,2.072,0.1,Málaga,,,,,
3035,,"Apio nabo local (Celery, raiz de apio)",2.39,-,-,-,0.04,Granada,,,,,
1117,,Apio verde BIO (producción propia),2.59,2.331,2.2015,-,0.04,Granada,,,,,
1008,,Berenjena BIO,2.39,2.1510000000000002,2.0315000000000003,-,0.04,Málaga,,,,,
1576,,Boniato BIO (grande),1.69,1.521,1.4364999999999999,1.3519999999999999,0.04,Málaga,,,,,
1015. 932. 10,,Boniato BIO (pequeño). Sólo 20 kgs. en stock,0.98,0.882,0.833,-,0.04,Málaga,,,,,
1015,,Boniato BIO recién cosechado (mediano),1.98,1.782,1.683,1.584,0.04,Granada,,,,,
1211,,Brócoli BIO,2.49,2.241,2.1165000000000003,-,0.04,Málaga,,,,,
1002,,Calabacín verde BIO,1.29,1.161,1.0965,1.032,0.04,Málaga,,,,,
1989,,Calabaza Butternut BIO,1.49,1.341,1.2665,-,0.04,Málaga,,,,,
3142,,Calabaza Butternut local,1.19,1.071,1.0114999999999998,-,0.04,Granada,,,,,
3893,,Calabaza cabello de ángel local,1.09,0.9810000000000001,-,-,0.04,Granada,,,,,
3083,Verduras,Calabaza Valenciana dulce local,1.49,1.341,1.2665,-,0.04,Granada,,,,,
1101,,Cebolla blanca seca BIO,1.59,1.431,1.3515000000000001,-,0.04,Málaga,,,,,
1151,,Cebolla roja BIO,1.69,1.521,1.4364999999999999,-,0.04,Málaga,,,,,
3244,,Cebolleta fresca local,1.98,1.782,-,-,0.04,Granada,,,,,
3352,,Cilantro local (manojo 100 grs.) Cultivado por nuestra vecina Montse de manera artesanal y orgánica,1.69,Precio por manojo de 100 grs.,,,0.04,Granada,,,,,
3352,,Cilantro local. Cultivado por nuestra vecina Montse de manera artesanal y orgánica (pedido mínimo de 1 kg.),14.98,13.482,-,-,0.04,Granada,,,,,
6157,,Col Kale Red Russian BIO (manojo 500 grs.),2.29,2.061,Precio por manojo de 500 grs.,,0.04,Málaga,,,,,
6156,,Col Kale Winterbor crespa BIO (manojo 500 grs.),2.29,2.061,Precio por manojo de 500 grs.,,0.04,Málaga,,,,,
1150,,Col Lombarda BIO,1.59,1.431,1.3515000000000001,-,0.04,Málaga,,,,,
1006,,Col verde lisa BIO,1.69,1.521,-,-,0.04,Málaga,,,,,
1979,,Coliflor blanca BIO (pieza),2.98,Precio por pieza,,,0.04,Málaga,,,,,
3040,,Coliflor blanca local,1.89,1.7009999999999998,1.6065,-,0.04,Granada,,,,,
1105,,Colirrábano / Col rabi blanco BIO,2.39,2.1510000000000002,-,-,0.04,Málaga,,,,,
6056,,Colirrábano / Col rabi morado BIO,2.39,2.1510000000000002,-,-,0.04,Málaga,,,,,
1393,,Cúrcuma fresca BIO (pedido mínimo 500 grs.),7.19,6.471,6.1115,-,0.1,Perú,,,,,
1260,Verduras,Cúrcuma fresca BIO de Andalucía (pedido mínimo 500 grs.) ¡¡¡Calidad excelente!!! ,8.98,8.082,7.633000000000001,-,0.04,Málaga,,,,,
3249,,"Espinaca local directa del campo, producción familiar",3.98,3.582,-,-,0.04,Granada,,,,,
3304,,Guisante fresco local (recolectado según pedido),4.49,-,-,-,0.04,Granada,,,,,
1005,,Habas en vaina fresca verdes BIO ,4.49,4.041,-,-,0.04,Málaga,,,,,
3279,,Habas en vaina fresca verdes local,1.59,1.431,1.3515000000000001,-,0.04,Granada,,,,,
1798,,Hinojo bulbo BIO (piezas medianas / grandes) ¡¡¡Excelente!!!,2.49,2.241,2.1165000000000003,-,0.04,Málaga,,,,,
1967,,Jengibre BIO (pedido mínimo 500 grs.),5.98,5.382000000000001,5.083,-,0.1,Perú,,,,,
1317,,Judía verde BIO (2ª cat.),3.29,2.961,2.7965,-,0.04,Granada,,,,,
3052,,Laurel deshidratado local (env. 30 grs.),1.29,Precio por envase de 30 grs.,,,0.04,Granada,,,,,
1858,,Lechuga Lollo rojo BIO (producción propia) ¡¡¡Excelente!!!,0.98,Precio por pieza,,,0.04,Granada,,,,,
1071,,Lechuga maravilla de verano BIO (producción propia) ¡¡¡Excelente!!!,0.98,PRECIO POR 2 PIEZAS,,,0.04,Granada,,,,,
1129,,Lechuga verde hoja larga y lisa tipo Romana BIO (producción propia) ¡¡¡Excelente!!! Piezas grandes,0.89,Precio por pieza (grande),,,0.04,Granada,,,,,
1425,,Nabo blanco BIO,2.69,2.421,-,-,0.04,Málaga,,,,,
3250,,Patata blanca local (nueva cosecha 2020/2021),1.19,1.071,1.0114999999999998,0.952,0.04,Granada,,,,,
1344,,Patata Elodie BIO (nueva cosecha 2021),1.39,1.251,1.1815,1.1119999999999999,0.04,Málaga,,,,,
1986,Verduras,Patata Hero nueva BIO,1.59,1.431,1.3515000000000001,1.272,0.04,Málaga,,,,,
6121,,Patata Lucinda blanca BIO,1.59,1.431,1.3515000000000001,1.272,0.04,Málaga,,,,,
1147,,Patata roja BIO,1.69,1.521,1.4364999999999999,-,0.04,Granada,,,,,
6137,,"Patata roja Red Pontiac BIO de alta montaña, cultivada en la Sierra de Cazorla a más de 1.600 mts. de altitud, cultivo tradicional con animales, máxima calidad en nutrientes y sabor. Especiales, para los amantes de las patatas ¡¡¡Únicas en su género!!!",2.39,2.1510000000000002,-,-,0.04,Jaén,,,,,
1395,,Pepino Francés/Corto BIO,4.69,4.221,-,-,0.04,Granada,,,,,
1004,,Pepino Holandés NIO,3.59,3.231,,,0.04,GRanada,,,,,
3924,,Pepino mini gourmet local ¡¡¡Excelente y jugoso!!!,2.49,2.241,2.1165000000000003,-,0.04,Granada,,,,,
1055,,Pimiento California rojo BIO,3.19,2.871,-,-,0.04,Málaga,,,,,
1043,Verduras,Pimiento Ramiro rojo BIO,4.19,-,-,-,0.04,Málaga,,,,,
3049,,Pimiento Ramiro rojo local,2.39,2.1510000000000002,2.0315000000000003,-,0.04,Granada,,,,,
1062,,Puerro BIO (producción propia)¡¡Excelente!!,2.59,2.331,2.2015,-,0.04,Granada,,,,,
3824,,Rábano Daikon ,1.98,1.782,-,-,0.04,Italia,,,,,
1679,,Remolacha sin hojas BIO,1.89,1.7009999999999998,-,-,0.04,Málaga,,,,,
3353,,Romanescu verde local (pequeña producción de confianza). Solo 4 kgs. en stock,1.98,-,-,-,0.04,Granada,,,,,
1579,,Stevia hoja entera seca BIO (env. 500 grs.),8.29,Precio por envase de 500 grs.,,,0.1,Nacional,,,,,
1579,,Stevia hoja entera seca BIO (env. 1 kg.),15.49,Precio por envase de 1 kg.,,,0.1,Nacional,,,,,
1010,,Tomate Cherry pera BIO,3.69,3.3209999999999997,-,-,0.04,Málaga,,,,,
3949,,Tomate ensalada Vernal local de Miguel. Cultivo controlado residuo cero ¡¡¡Sabor excelente!!!,0.98,0.882,0.833,0.784,0.04,Granada,,,,,
1011,,Tomate Pera BIO,1.79,1.611,1.5215,-,0.04,Málaga,,,,,
3870,,Tomate Flor de la Vega asurcado negro local de Miguel. Cultivo controlado residuo cero ¡¡¡Sabor excelente!!!,2.19,1.9709999999999999,1.8615,1.752,0.04,Granada,,,,,
3890,Verduras,Tomate Raff asurcado negro local de Miguel. Cultivo controlado residuo cero ¡¡¡Sabor excelente!!!,2.29,2.061,1.9465000000000001,1.832,0.04,Granada,,,,,
5289,,Tomate Raff (SELECCIONADO) asurcado negro local de Miguel. Cultivo controlado residuo cero ¡¡¡Sabor excelente!!!,3.89,3.5010000000000003,3.3065,-,0.04,Granada,,,,,
1016,,Tomate Raff Rebelión BIO (rojo madurado en planta),3.59,3.231,-,-,0.04,Granada,,,,,
5048,,"Yacón fresco de Asturias (Smallanthus Sonchifolius). Piezas grandes con muy buena presencia, cultivo orgánico de confianza sin certificado ¡¡¡Único en Europa!!! ¡¡¡Calidad extra!!!",4.29,3.8609999999999998,-,-,0.04,Asturias,,,,,
5075,,Zanahoria con rama local,2.29,2.061,-,-,0.04,Granada,,,,,
1034,,Zanahoria sin rama BIO,1.79,1.611,1.5215,-,0.04,Málaga,,,,,
3017,,Zanahoria sin rama local,1.49,1.341,1.2665,1.192,0.04,Granada,,,,,
,Huevos,Huevos,,,,,,,,,,,
5185,,Huevo de oca cal.XL (150 a 220 grs. aprox.) Ocas en libertad alimentadas con pasto verde. Certificado BIO en proceso,3.98,Precio por pieza calibre XL 150 a 220 grs. aprox.,,,0.04,Nacional,,,,,
,Leche Vegetal,Leche Vegetal,,,,,,,,,,,
6125,,Bebida de arroz con cacao y calcio BIO (env. 1 litro),2.29,Precio por envase de 1 litro,,,0.1,Italia,,,,,
6062,,Bebida de avena sin gluten BIO (env. 1 litro),1.89,Precio por envase de 1 litro,,,0.1,Italia,,,,,
6123,,Bebida de quinoa real y arroz sin gluten BIO (env. 1 litro),2.39,Precio por envase de 1 litro,,,0.1,Italia,,,,,
6122,,Bebida de soja natural sin gluten BIO (env. 1 litro),1.39,Precio por envase de 1 litro,,,0.1,Italia,,,,,
,,Infusiones,,,,,,,,,,,
1805,Infusiones,Cáñamo con gelatina verde y con Stevia BIO 15/piramides (env. 30 grs.),2.98,Precio por caja de 15 piramides/30 grs.,,,0.1,Nacional,,,,,
1807,,Hoja de moringa-melocotón con Stevia BIO 15/piramides (env. 30 grs.),2.98,Precio por caja de 15 piramides/30 grs.,,,0.1,Nacional,,,,,
1806,,Hoja de olivo con sauco-vainilla y con Stevia BIO 15/piramides (env. 30 grs.),2.98,Precio por caja de 15 piramides/30 grs.,,,0.1,Nacional,,,,,
1804,,Té verde Gunpowder-Menta con Stevia BIO 15/piramides (env. 30 grs.),2.98,Precio por caja de 15 piramides/30 grs.,,,0.1,Nacional,,,,,
,,Aceite y Vinagre,,,,,,,,,,,
6063,,"Aceite de oliva BIO variedad Aloreña virgen extra, primera presión en frio (env. 1 litro cristal)",6.79,Precio por envase de cristal de 1 litro,,,0.1,Málaga,,,,,
6078,Aceite y Vinagre,"Aceite de oliva BIO variedad Aloreña virgen extra, primera presión en frio (env. 5 litros)",26.98,Precio por envase de 5 litros,,,0.1,Málaga,,,,,
6064,,"Aceite de oliva BIO variedad Aloreña virgen extra, primera presión en frio (lata 5 litros)",29.98,Precio por lata de 5 litros,,,0.1,Málaga,,,,,
5194,,"Aceite de oliva local, virgen extra, primera presión en frio, de variedades antiguas, sin centrifugado y sin filtrar (env. 5 litros PET)",21.89,Precio por envase de 5 litros PET. Procedente de Salobreña y pueblos limítrofes. Cosecha 2020/2021,,,0.1,Granada,,,,,
3587,,Aceite de oliva virgen extra (env. cristal 500 ml.),6.29,Precio por envase de cristal de 500 ml.,,,0.1,Málaga,,,,,
1693,,Aceite de Palma roja BIO (env. 325 ml.),9.19,Precio por envase de 325 ml.,,,0.1,Importación,,,,,
,,Algas,,,,,,,,,,,
3864,,Alga Aonori fresca (env. 50 grs.),1.98,Precio por envase de 50 grs. (pedido por encargo),,,0.04,Galicia,,,,,
3995,Algas,Alga Aonori fresca (env. 150 grs.),6.29,Precio por envase de 150 grs. (pedido por encargo),,,0.04,Galicia,,,,,
3912,,Alga Aonori fresca (env. 500 grs.),9.98,Precio por envase de 500 grs. (pedido por encargo),,,0.04,Galicia,,,,,
3896,,Alga Aonori fresca (env. 1 kg.),16.98,Precio por envase de 1 kg. (pedido por encargo),,,0.04,Galicia,,,,,
1497,,Alga Chlorella polvo BIO (env. 500 grs.),19.98,Precio por envase de 500 grs.,,,0.1,India,,,,,
1497,,Alga Chlorella polvo BIO (env. 1 kg.),38.99,Precio por envase de 1 kg.,,,0.1,India,,,,,
4033,,Alga Cochayuyo en polvo (env. 250 grs.),10.59,Precio por frasco de 250 grs.,,,0.1,Chile,,,,,
4529,,Alga Cochayuyo (env. 80 grs.),4.79,Precio por envase de 80 grs.,,,0.1,Chile,,,,,
1189,,Alga Dulse deshidratada BIO (env. 500 grs.),30.49,Precio por envase de 500 grs.,,,0.04,Irlanda,,,,,
1189,,Alga Dulse deshidratada BIO (env. 1 kg.),59.98,Precio por envase de 1 kg.,,,0.04,Irlanda,,,,,
5178,,Alga Dulse fresca en sal (env. 100 grs.),2.19,Precio por envase de 100 grs.,,,0.04,Galicia,,,,,
5178,,Alga Dulse fresca en sal (env. 1 kg.),17.98,Precio por envase de 1 kg.,,,0.04,Galicia,,,,,
1496,,Alga Espagueti de mar deshidratada BIO (env. 500 grs.),14.29,Precio por envase de 500 grs.,,,0.04,Galicia,,,,,
1496,,Alga Espagueti de mar deshidratada BIO (env. 1 kg.),27.49,Precio por envase de 1 kg.,,,0.04,Galicia,,,,,
5142,,Alga Espagueti de mar fresca en sal (env. 100 grs.),1.69,Precio por envase de 100 grs.,,,0.04,Galicia,,,,,
5142,,Alga Espagueti de mar fresca en sal (env. 1 kg.),11.59,Precio por envase de 1 kg.,,,0.04,Galicia,,,,,
3102,,Alga Fideo de mar (Nemalión) fresca en sal. Su textura es similar a la del pescado fresco y crudo,26.49,Precio por envase de 1 kg,,,0.04,Galicia,,,,,
5143,,Alga Gracilaria carnosa fresca en sal (env. 100 grs.),2.29,Precio por envase de 100 grs.,,,0.04,Galicia,,,,,
5143,,Alga Gracilaria carnosa fresca en sal (env. 1 kg.),17.98,Precio por caja de 1 kg.,,,0.04,Galicia,,,,,
1186,,Alga Kombu de azúcar deshidratada BIO (env. 500 grs.),24.49,Precio por envase de 500 grs.,,,0.04,Galicia,,,,,
1186,Algas,Alga Kombu de azúcar deshidratada BIO (env. 1 kg.),47.98,Precio por envase de 1 kg.,,,0.04,Galicia,,,,,
6073,,Alga Kombu deshidratada BIO (env. 500 grs.),14.29,Precio por envase de 500 grs.,,,0.04,Galicia,,,,,
6073,,Alga Kombu deshidratada BIO (env. 1 kg.),27.49,Precio por envase de 1 kg.,,,0.04,Galicia,,,,,
6259,,Alga Kombu en polvo BIO,28.89,Precio por envase de 1 kg.,,,0.04,Galicia,,,,,
6087,,Alga Kombu rápida (Kombu Real) deshidratada BIO (env. 500 grs.),37.98,Precio por envase de 500 grs.,,,0.04,Galicia,,,,,
6159,,Alga Nori deshidratada en copos BIO (env. 500 grs.),24.49,Precio por envase de 500 grs.,,,0.04,Galicia,,,,,
6159,,Alga Nori deshidratada en copos BIO (env. 1 kg.),47.98,Precio por envase de 1 kg.,,,0.04,Galicia,,,,,
1096,,Alga Nori deshidratada entera BIO (env. 500 grs.),19.98,Precio por envase de 500 grs.,,,0.04,Galicia,,,,,
1096,,Alga Nori deshidratada entera BIO (env. 1 kg.),38.98,Precio por envase de 1 kg.,,,0.04,Galicia,,,,,
6261,,Alga Nori en polvo BIO,44.49,Precio por envase de 1 kg.,,,0.04,Galicia,,,,,
3463,,Alga Nori fresca en sal (env. 100 grs.),2.49,Precio por envase de 100 grs.,,,0.04,Galicia,,,,,
3463,,Alga Nori fresca en sal (env. 1 kg.),19.49,Precio por caja de 1 kg.,,,0.04,Galicia,,,,,
1851,,Alga Ramallo de mar BIO (env. 150 grs.),5.98,Precio por bandeja de 150 grs. (pedido por encargo),,,0.04,Galicia,,,,,
1856,,Alga Ramallo de mar BIO (env. 1 kg.),13.49,Precio por caja de 1 kg. (pedido por encargo),,,0.04,Galicia,,,,,
1126,,Alga Wakame deshidratada BIO (env. 500 grs.),22.29,Precio por envase de 500 grs.,,,0.04,Galicia,,,,,
1126,,Alga Wakame deshidratada BIO (env. 1 kg.),43.49,Precio por envase de 1 kg.,,,0.04,Galicia,,,,,
6260,,Alga Wakame en polvo BIO,35.98,Precio por envase de 1 kg.,,,0.04,Galicia,,,,,
5186,,Alga Wakame fresca en sal (env. 100 grs.),1.79,Precio por envase de 100 grs.,,,0.04,Galicia,,,,,
5186,,Alga Wakame fresca en sal (env. 1 kg.),12.98,Precio por caja de 1 kg.,,,0.04,Galicia,,,,,
3058,,Hierba Hoja del rocío (env. 1 kg.),12.49,Precio por caja de 1 kg. (pedido por encargo),,,0.04,Galicia,,,,,
5022,Algas,Lechuga de mar fresca en sal (env. 100 grs.),2.39,Precio por envase de 100 grs.,,,0.04,Galicia,,,,,
5022,,Lechuga de mar fresca en sal (env. 1 kg.),18.98,Precio por caja de 1 kg.,,,0.04,Galicia,,,,,
1612,,Spirulina en polvo BIO (env. 160 grs. cristal),4.98,Precio por envase de 160 grs. cristal,,,0.1,India,,,,,
1612,,Spirulina en polvo BIO (env. 500 grs.),14.29,Precio por envase de 500 grs.,,,0.1,India,,,,,
1612,,Spirulina en polvo BIO (env. 1 kg.),27.49,24.741,Precio por envase de 1 kg.,,0.1,India,,,,,
,,Azúcar y Chocolate,,,,,,,,,,,
1575,Azúcar y Chocolate,Azúcar de coco BIO (env. 500 grs.),4.79,Precio por envase de 500 grs.,,,0.1,Indonesia,,,,,
1575,,Azúcar de coco BIO (env. 1 kg.),8.49,7.641,Precio por envase de 1 kg.,,0.1,Indonesia,,,,,
5085,,"Bombones de chocolate negro 100% crudo, cacao, pasta de cacao, manteca de cacao y vainilla natural (sin azúcar/sin gluten). Producto artesano de alta calidad",1.98,Precio por un envase,,,0.1,Nacional,,,,,
5085,,"Bombones de chocolate negro 100% crudo, cacao, pasta de cacao, manteca de cacao y vainilla natural (sin azúcar/sin gluten). Producto artesano de alta calidad ¡¡¡Oferta especial pack de 3 envases!!!",4.98,Precio por pack de 3 envases,,,0.1,Nacional,,,,,
1597,,Cacao en polvo crudo BIO (env. 500 grs.),5.39,Precio por envase de 500 grs.,,,0.1,Perú,,,,,
1597,,Cacao en polvo crudo BIO (env. 1 kg.),9.69,8.721,Precio por envase de 1 kg.,,0.1,Perú,,,,,
1645,,Cacao Nibs BIO (env. 500 grs.),9.29,Precio por envase de 500 grs.,,,0.1,Perú,,,,,
1645,,Cacao Nibs BIO (env. 1 kg.),17.49,15.740999999999998,Precio por envase de 1 kg.,,0.1,Perú,,,,,
5160,Azúcar y Chocolate,"Caja mix chocolates surtidos env. 250 grs. +/- (2 piruletas praline con avellana, 2 bombas saludables de crema de dátil y cacahuete con baño de chocolate, 1 turrón de chocolate con leche y almendra, 6 nueces medias con baño de chocolate, 6 bombones de chocolate con leche, 6 bombones de chocolate blanco y 3 bombones de chocolate negro rellenos de praline)",10.98,Precio por cajita de 250 grs. +/-,,,0.1,Granada,,,,,
5269,,"Chocolate 100% semillas cacao natural con vainilla, sin gluten, apto para diabéticos (tableta 140 grs.+/-)",4.49,Precio por tableta de 140 grs. +/-,,,0.1,Granada,,,,,
5151,,"Chocolate 100% semillas cacao natural con nueces, vainilla, sin gluten, apto para diabéticos (tableta de 140 grs. +/-)",4.98,Precio por tableta de 140 grs. +/-,,,0.1,Granada,,,,,
5152,,"Chocolate 100% semillas cacao natural con pistachos, vainilla, sin gluten, apto para diabéticos (mini tableta de 50/60 grs. +/-)",3.49,Precio por mini tableta de 50/60 grs. +/-,,,0.1,Granada,,,,,
6035,,Chocolate de algarroba BIO (tableta 100 grs.),3.39,3.051,Precio por envase de 100 grs.,,0.1,Nacional,,,,,
,Frutos Secos,Frutos Secos,,,,,,,,,,,
1197,,Almendra Comuna cruda sin cáscara BIO (env. 500 grs.),8.49,Precio por envase de 500 grs.,,,0.04,Granada,,,,,
1197,,Almendra Comuna cruda sin cáscara BIO (env. 1 kg.),15.98,14.382,Precio por envase de 1 kg.,,0.04,Granada,,,,,
3201,,Almendra Comuna cruda sin cáscara local (env. 500 grs.),3.98,Precio por envase de 500 grs.,,,0.04,Granada,,,,,
3201,,Almendra Comuna cruda sin cáscara local (env. 1 kg.),6.98,6.282,Precio por envase de 1 kg.,,0.04,Granada,,,,,
6089,,Almendra Valencia con piel cruda grano entero BIO (env. 500 grs.),9.98,Precio por envase de 500 grs.,,,0.04,Nacional,,,,,
6089,,Almendra Valencia con piel cruda grano entero BIO (env. 1 kg.),18.98,17.082,Precio por envase de 1 kg.,,0.04,Nacional,,,,,
1698,,Almendra Valencia repelada cruda grano entero BIO (env. 500 grs.),11.19,Precio por envase de 500 grs.,,,0.04,Nacional,,,,,
1698,,Almendra Valencia repelada cruda grano entero BIO (env. 1 kg.),21.29,19.160999999999998,Precio por envase de 1 kg.,,0.04,Nacional,,,,,
1027,,Anacardo crudo BIO (env. 500 grs.),7.79,Precio por envase de 500 grs.,,,0.04,India,,,,,
1027,,Anacardo crudo BIO (env. 1 kg.),14.59,13.131,12.4015,Precio por envase de 1 kg.,0.04,India,,,,,
1154,,Avellana cruda BIO sin cáscara (env. 500 grs.),7.39,Precio por envase de 500 grs.,,,0.04,Turquía,,,,,
1154,,Avellana cruda BIO sin cáscara (env. 1 kg.),13.69,12.321,Precio por envase de 1 kg.,,0.04,Turquía,,,,,
3290,,Avellana cruda con cáscara (env. 500 grs.),3.59,Precio por envase de 500 grs.,,,0.04,Francia,,,,,
3290,,Avellana cruda con cáscara (env. 1 kg.),6.49,5.841,Precio por envase de 1 kg.,,0.04,Francia,,,,,
3785,,Cacahuete crudo con cáscara,3.39,3.051,-,-,0.04,China,,,,,
5288,,Cacahuete crudo sin cáscara con piel rojo (env. 500 grs.),3.19,Precio por envase de 500 grs.,,,0.04,Importación,,,,,
5288,,Cacahuete crudo sin cáscara con piel rojo (env. 1 kg.),5.29,4.761,Precio por envase de 1 kg.,,0.04,Importación,,,,,
1827,,Cacahuete crudo sin cáscara repelado BIO (env. 500 grs.),3.19,Precio por envase de 500 grs.,,,0.04,China,,,,,
1827,,Cacahuete crudo sin cáscara repelado BIO (env. 1 kg.),5.39,4.851,Precio por envase de 1 kg.,,0.04,China,,,,,
1611,,Chips de coco crudo BIO (env. 500 grs.),3.98,Precio por envase de 500 grs.,,,0.04,Sri Lanka,,,,,
1611,,Chips de coco crudo BIO (env. 1 kg.),6.98,6.282,5.933000000000001,Precio por envase de 1 kg.,0.04,Sri Lanka,,,,,
1860,,Chufa BIO (env. 500 grs.),4.19,Precio por envase de 500 grs.,,,0.04,Niger,,,,,
1860,,Chufa BIO (env. 1 kg.),7.29,6.561,Precio por envase de 1 kg.,,0.04,Niger,,,,,
1768,,Chufa pelada BIO (env. 500 grs.),5.98,Precio por envase de 500 grs.,,,0.04,Niger,,,,,
1768,,Chufa pelada BIO (env. 1 kg.),10.98,9.882,Precio por envase de 1 kg.,,0.04,Niger,,,,,
1332,,Ciruela pasa sin hueso BIO (env. 500 grs.),6.98,Precio por envase de 500 grs.,,,0.04,Francia,,,,,
1332,,Ciruela pasa sin hueso BIO (env. 1 kg.),12.98,11.682,Precio por envase de 1 kg.,,0.04,Francia,,,,,
1321,,Coco rallado BIO (env. 500 grs.),5.79,Precio por envase de 500 grs.,,,0.1,Vietnam,,,,,
1321,,Coco rallado BIO (env. 1 kg.),10.49,9.441,Precio por envase de 1 kg.,,0.1,Vietnam,,,,,
1493,,"Mix de frutos secos BIO (avellana con piel, almendra con piel y repelada, pasas, anacardo y nuez en trozos) env. 500 grs.",8.29,Precio por envase de 500 grs.,,,0.04,Importación,,,,,
1493,,"Mix de frutos secos BIO (avellana con piel, almendra con piel y repelada, pasas, anacardo y nuez en trozos) env. 1 kg.",15.49,13.941,Precio por envase de 1 kg.,,0.04,Importación,,,,,
3253,,Nuez común con cáscara local de Guadix (nueva cosecha) ¡¡¡Excelente!!! ¡¡¡Oferta!!!,3.69,3.3209999999999997,3.1365,-,0.04,Granada,,,,,
1604,,Nuez de Brasil sin cáscara BIO (env. 500 grs.),5.98,Precio por envase de 500 grs.,,,0.04,Bolivia,,,,,
1604,Frutos Secos,Nuez de Brasil sin cáscara BIO (env. 1 kg.),11.49,10.341000000000001,Precio por envase de 1 kg.,,0.04,Bolivia,,,,,
3284,,Nuez de Macadamia con cáscara local,11.98,10.782,Precio por envase de 1 kg.,,0.04,Nacional,,,,,
1816,,Nuez de Macadamia sin cáscara BIO (env. 500 grs.),15.98,Precio por envase de 500 grs.,,,0.04,Kenia,,,,,
1816,,Nuez de Macadamia sin cáscara BIO (env. 1 kg.),30.98,Precio por envase de 1 kg.,,,0.04,Kenia,,,,,
3172,,Nuez Pecana con cáscara local (env. 1 kg.),7.98,7.182,6.783,Precio por envase de 1 kg.,0.04,Málaga,,,,,
6005,,Nuez Pecana sin cáscara BIO (env. 500 grs.),13.49,Precio por envase de 500 grs.,,,0.04,Mexico,,,,,
6005,,Nuez Pecana sin cáscara BIO (env. 1 kg.),25.98,23.382,Precio por envase de 1 kg.,,0.04,Mexico,,,,,
1770,Frutos Secos,Piñón corto BIO variedad Pinoli Cinesi (env. 500 grs.),20.98,Precio por envase de 500 grs.,,,0.04,China,,,,,
1770,,Piñón corto BIO variedad Pinoli Cinesi (env. 1 kg.),40.98,Precio por envase de 1 kg.,,,0.04,China,,,,,
3665,,Pistacho con cáscara natural 20/22 (env. 500 grs.),6.98,Precio por envase de 500 grs.,,,0.04,Nacional,,,,,
3665,,Pistacho con cáscara natural 20/22,11.98,Precio por envase de 1 kg.,,,0.04,Nacional,,,,,
3615,,Pistacho en grano natural (env. 500 grs.),12.98,Precio por envase de 500 grs.,,,0.04,Nacional,,,,,
3615,,Pistacho en grano natural (env. 1 kg.),24.98,Precio por envase de 1 kg.,,,0.04,Nacional,,,,,
,Súper Alimentos,Súper Alimentos,,,,,,,,,,,
6096,,Acai Iofilizado en polvo BIO (env. 100 grs.) ¡¡¡Calidad superior!!! Conservacion refrigerada,8.69,Precio por envase de 100 grs.,,,0.1,Brasil,,,,,
6096,,Acai Iofilizado en polvo BIO (env. 250 grs.) ¡¡¡Calidad superior!!! Conservacion refrigerada,21.49,Precio por envase de 250 grs.,,,0.1,Brasil,,,,,
6103,,Amaranto BIO (env. 500 grs.),2.79,Precio por envase de 500 grs.,,,0.04,India,,,,,
6103,,Amaranto BIO (env. 1 kg.),4.59,Precio por envase de 1 kg.,,,0.04,India,,,,,
1458,,Canela en rama BIO (env. 100 grs.),2.98,Precio por envase de 100 grs.,,,0.04,India,,,,,
6099,,Camu Camu en polvo BIO (env. 100 grs.) Conservacion refrigerada,5.69,Precio por envase de 100 grs.,,,0.1,Perú,,,,,
6099,,Camu Camu en polvo BIO (env. 250 grs.) Conservacion refrigerada,13.49,Precio por envase de 250 grs.,,,0.1,Perú,,,,,
6069,,Clavo en grano BIO (env. 250 grs.),5.49,Precio por envase de 250 grs.,,,0.1,Sri Lanka,,,,,
6069,,Clavo en grano BIO (env. 500 grs.),9.98,Precio por envase de 500 grs.,,,0.1,Sri Lanka,,,,,
6111,,"Crackers deshidratados BIO de tomate, pipa de girasol, trigo sarraceno, lino, cebolla y moringa de cultivo ecológico (env. 200 grs.) RAW",5.39,Precio por envase de 200 grs.,,,0.1,Nacional,,,,,
1754,Súper Alimentos,Curry en polvo BIO (env. 250 grs.),3.89,Precio por envase de 250 grs.,,,0.1,Austria,,,,,
1754,,Curry en polvo BIO (env. 500 grs.),6.79,Precio por envase de 500 grs.,,,0.1,Austria,,,,,
1220,,Fruto del Baobad BIO env. 500 grs. (sólo pulpa en polvo),13.49,Precio por envase de 500 grs.,,,0.1,Importación,,,,,
1220,,Fruto del Baobad BIO env. 1 kg. (sólo pulpa en polvo),25.98,Precio por envase de 1 kg.,,,0.1,Importación,,,,,
6075,,Grano de Teff BIO (env. 500 grs.),3.98,Precio por envase de 500 grs.,,,0.04,Nacional,,,,,
6075,,Grano de Teff BIO (env. 1 kg.),6.98,Precio por envase de 1 kg.,,,0.04,Nacional,,,,,
1936,,Harina de algarroba BIO (env. 500 grs.),2.49,Precio por envase de 500 grs.,,,0.1,Nacional,,,,,
1936,,Harina de algarroba BIO (env. 1 kg.),3.98,3.582,Precio por envase de 1 kg.,,0.1,Nacional,,,,,
1647,,Harina de coco BIO (env. 500 grs.),3.59,Precio por envase de 500 grs.,,,0.1,Sri Lanka,,,,,
1647,,Harina de coco BIO (env. 1 kg.),6.19,5.571000000000001,Precio por envase de 1 kg.,,0.1,Sri Lanka,,,,,
6015,,Harina de garbanzo BIO,2.98,2.682,-,-,0.1,Zamora,,,,,
5068,,Harina de lino dorado (procedente de cultivo orgánico con certificado en trámite) env. 500 grs.,1.79,Precio por envase de 500 grs.,,,0.1,Importación,,,,,
6016,,Harina de trigo sarraceno tamizado BIO (env. 500 grs.),2.39,Precio por envase de 500 grs.,,,0.1,Nacional,,,,,
1406-1996,,Harina integral de trigo Sarraceno BIO,3.69,3.3209999999999997,-,-,0.1,Importación,,,,,
3977,,Levadura nutricional + B12 (env. 500 grs.),9.29,Precio por envase de 500 grs.,,,0.1,Estonia,,,,,
3977,,Levadura nutricional + B12 (env. 1 kg.),17.49,15.740999999999998,Precio por envase de 1 kg.,,0.1,Estonia,,,,,
1606,Súper Alimentos,Lúcuma cruda en polvo BIO (env. 500 grs.),13.49,Precio por envase de 500 grs.,,,0.1,Perú,,,,,
1606,,Lúcuma cruda en polvo BIO (env. 1 kg.),25.98,23.382,Precio por envase de 1 kg.,,0.1,Perú,,,,,
1640,,Maca en polvo cruda BIO (env. 500 grs.),6.49,Precio por envase de 500 grs.,,,0.1,Perú,,,,,
1640,,Maca en polvo cruda BIO (env. 1 kg.),11.98,10.782,Precio por envase de 1 kg.,,0.1,Perú,,,,,
1639,,Maca negra BIO (env. 500 grs.),10.98,Precio por envase de 500 grs.,,,0.1,Perú,,,,,
1639,,Maca negra BIO (env. 1 kg.),20.98,Precio por envase de 1 kg.,,,0.1,Perú,,,,,
1609,,Maca roja BIO (env. 500 grs.),10.98,Precio por envase de 500 grs.,,,0.1,Perú,,,,,
1609,,Maca roja BIO (env. 1 kg.),20.98,Precio por envase de 1 kg.,,,0.1,Perú,,,,,
1758,,Manteca de cacao BIO (env. 500 grs.). ,10.69,Precio por envase de 500 grs.,,,0.1,Perú,,,,,
1758,,Manteca de cacao BIO (env. 1 kg.). ,20.29,18.261,Precio por envase de 1 kg.,,0.1,Perú,,,,,
1730,,Moringa BIO en polvo (env. 500 grs.),11.98,Precio por envase de 500 grs.,,,0.1,Andalucía,,,,,
1729,,Moringa BIO hoja seca (env. 500 grs.),12.69,Precio por envase de 500 grs.,,,0.1,Andalucía,,,,,
1707,,Moringa BIO polvo en cápsulas vegetales (env. 100 uds.),3.98,Precio por envase de 100 cápsulas,,,0.1,Andalucía,,,,,
3676,,Nigari (env. 100 grs.),1.59,Precio por envase de 100 grs.,,,0.04,Importación,,,,,
1959,,Pulpa del fruto del Baobab BIO (env. 200 + 50 grs.),11.89,Precio por envase de 200 + 50 grs.,,,0.1,Importación,,,,,
1650,,Proteina de guisante BIO (env. 500 grs.),6.79,Precio por envase de 500 grs.,,,0.1,China,,,,,
1650,Súper Alimentos,Proteina de guisante BIO (env. 1 kg.),12.59,Precio por envase de 1 kg.,,,0.1,China,,,,,
1696,,Remolacha en polvo BIO (env. 500 grs.),9.29,Precio por envase de 500 grs.,,,0.1,Hungría,,,,,
1696,,Remolacha en polvo BIO (env. 1 kg.),17.49,Precio por envase de 1 kg.,,,0.1,Hungría,,,,,
1607,,Semillas de cáñamo pelado crudo BIO (env. 500 grs.),7.19,Precio por envase de 500 grs.,,,0.1,China,,,,,
1607,,Semillas de cáñamo pelado crudo BIO (env. 1 kg.),13.29,11.960999999999999,Precio por envase de 1 kg.,,0.1,China,,,,,
6162,,Tahin blanco BIO sin sal (crema de sésamo crudo pelado) env. 400 grs. Cristal,5.98,5.382000000000001,Precio por envase de cristal de 400 grs. ,,0.1,Nacional,,,,,
6163,,Tahin BIO (crema de sésamo tostado con sal atlantica) env. 400 grs. cristal,4.98,4.482,Precio por envase de de cristal de 400 grs.,,0.1,Nacional,,,,,
3783,,Xilitol (azúcar de abedul) env. 500 grs.,9.49,Precio por envase de 500 grs.,,,0.1,Finlandia,,,,,
3783,,Xilitol (azúcar de abedul) env. 1 kg.,17.98,16.182000000000002,Precio por envase de 1 kg.,,0.1,Finlandia,,,,,
,Semillas y Cereales,Semillas y Cereales,,,,,,,,,,,
1971,,Alpiste BIO (env. 1 kg.),2.39,2.1510000000000002,Precio por envase de 1 kg.,,0.04,Hungría,,,,,
1599,,Arroz integral grano corto BIO,4.69,4.221,-,-,0.04,Nacional,,,,,
6105,,Arroz rojo BIO,4.89,-,-,-,0.04,Camboya,,,,,
1732,,Arroz Salvaje negro BIO (env. 500 grs.),8.98,Precio por envase de 500 grs.,,,0.04,Canada,,,,,
1732,,Arroz Salvaje negro BIO (env. 1 kg.),16.98,Precio por envase de 1 kg.,,,0.04,Canada,,,,,
1937,,Cacao Semilla grano crudo entero BIO (env. 500 grs.),8.49,Precio por envase de 500 grs.,,,0.04,Perú,,,,,
1937,,Cacao Semilla grano crudo entero BIO (env. 1 kg.),15.98,14.382,Precio por envase de 1 kg.,,0.04,Perú,,,,,
1646,Semillas y Cereales,Café verde BIO (env. 500 grs.),5.98,Precio por envase de 500 grs.,,,0.1,Perú,,,,,
1646,,Café verde BIO (env. 1 kg.),10.89,Precio por envase de 1 kg.,,,0.1,Perú,,,,,
1484,,Calabaza pipa s/cascara BIO (env. 500 grs.),4.49,Precio por envase de 500 grs.,,,0.04,China,,,,,
1484,,Calabaza pipa s/cascara BIO (env. 1 kg.),7.98,7.182,6.783,Precio por envase de 1 kg.,0.04,China,,,,,
1572,,Chía semillas BIO (env. 500 grs.),2.79,Precio por envase de 500 grs.,,,0.04,Bolivia,,,,,
1572,,Chía semillas BIO (env. 1 kg.),4.49,4.041,Precio por envase de 1 kg.,,0.04,Bolivia,,,,,
6178,,Copos de avena BIO (env. 500 grs.),1.49,Precio por envase de 500 grs.,,,0.1,Unión Europea,,,,,
6178,,Copos de avena BIO (env. 1 kg.),2.09,1.8809999999999998,Precio por envase de 1 kg.,,0.1,Unión Europea,,,,,
6107,,Harina de trigo blanca W-200 BIO (env. 1 kg.),1.49,Precio por envase de 1 kg.,,,0.04,Zamora,,,,,
6109,,Harina integral 100% de trigo grano completo W-200 BIO (env. 1 kg.),1.29,1.161,Precio por envase de 1 kg.,,0.04,Zamora,,,,,
1940,,Hierba de cebada cruda BIO (env. 300 grs.),12.69,Precio por envase de 300 grs.,,,0.1,Nueva Zelanda,,,,,
1356,,Girasol pipa sin cáscara BIO (env. 500 grs.),2.29,Precio por envase de 500 grs.,,,0.04,Bulgaria,,,,,
1356,,Girasol pipa sin cáscara BIO (env. 1 kg.),3.49,3.141,2.9665000000000004,Precio por envase de 1 kg.,0.04,Bulgaria,,,,,
1357,,Linaza BIO (env. 500 grs.). ,2.29,Precio por envase de 500 grs.,,,0.04,Importación,,,,,
1357,,Linaza BIO (env. 1 kg.). ,3.49,3.141,Precio por envase de 1 kg.,,0.04,Importación,,,,,
1405,Semillas y Cereales,Lino dorado BIO (env. 500 grs.),2.98,Precio por envase de 500 grs.,,,0.1,China,,,,,
1405,,Lino dorado BIO (env. 1 kg.),4.89,4.401,Precio por envase de 1 kg.,,0.1,China,,,,,
1480,,Lino marrón BIO (env. 500 grs.),2.49,Precio por envase de 500 grs.,,,0.1,Importación,,,,,
1480,,Lino marrón BIO (env. 1 kg.),3.98,3.582,Precio por envase de 1 kg.,,0.1,Importación,,,,,
1825,,Quinoa blanca BIO (env. 500 grs.),2.98,Precio por envase de 500 grs.,,,0.04,Ecuador,,,,,
1825,,Quinoa blanca BIO (env. 1 kg.),4.98,4.482,Precio por envase de 1 kg.,,0.04,Ecuador,,,,,
1795,,Quinoa instantanea BIO (env. 500 grs.),5.98,Precio por envase de 500 grs.,,,0.04,Importación,,,,,
1795,,Quinoa instantanea BIO (env. 1 kg.),10.89,Precio por envase de 1 kg.,,,0.04,Importación,,,,,
1952,,Semillas de trigo Sarraceno integrales para germinar BIO (env. 150 grs.),2.14,Precio por envase de 150 grs.,,,0.1,Francia,,,,,
1358,,Sésamo crudo BIO (env. 500 grs.),2.98,Precio por envase de 500 grs.,,,0.04,Egipto / Bolivia,,,,,
1358,,Sésamo crudo BIO (env. 1 kg.),4.98,4.482,Precio por envase de 1 kg.,,0.04,Egipto / Bolivia,,,,,
,Legumbres,Legumbres,,,,,,,,,,,
1294,,Alubia blanca BIO,5.29,-,-,-,0.04,Zamora,,,,,
6106,,Fenogreco en semillas BIO (env. 500 grs.),8.98,Precio por envase de 500 grs.,,,0.1,Egipto,,,,,
1813,,Garbanzo Castellano BIO,3.49,3.141,-,-,0.04,Zamora,,,,,
1991,,Garbanzo Fuentesauco D.O. BIO Extra,4.59,4.131,-,-,0.04,Zamora,,,,,
1390,,Garbanzo Pedrosillano BIO,3.29,2.961,-,-,0.04,Zamora,,,,,
1297,,Lenteja Castellana BIO,3.59,3.231,-,-,0.04,Zamora,,,,,
1296,,Lenteja Pardina BIO,3.69,3.3209999999999997,-,-,0.04,Zamora,,,,,
,Dátiles,Dátiles,,,,,,,,,,,
6018,,Dátil Deglet Nour en rama de Israel BIO,8.69,7.821,-,-,0.04,Israel,,,,,
1485,,Dátil Deglet Nour sin rama BIO de Túnez,6.19,5.571000000000001,-,-,0.04,Túnez,,,,,
1997,,Dátil Medjool Súper Jumbo semi-seco BIO,20.98,18.882,-,-,0.04,Israel,,,,,
1320,Dátiles,Dátil Deglet Nour sin hueso BIO,7.49,6.741,-,-,0.04,Túnez,,,,,
3474,,Dátil Deglet Nour sin hueso ,6.98,6.282,-,-,0.04,Túnez,,,,,
5187,,Dátil Hayani fresco Jumbo ,8.98,8.082,-,-,0.04,Israel,,,,,
,,Frutas y Verduras Secas y Deshidratadas,,,,,,,,,,,
1455,Frutas y Verduras Secas y Deshidratadas,Albaricoque deshidratado BIO (env. 500 grs.),5.29,Precio por envase de 500 grs.,,,0.1,Turquía,,,,,
1455,,Albaricoque deshidratado BIO (env. 1 kg.),9.49,8.541,Precio por envase de 1 kg.,,0.1,Turquía,,,,,
1339,,Arándano deshidratado BIO (env. 500 grs.),7.49,Precio por envase de 500 grs.,,,0.1,Canada,,,,,
1339,,Arándano deshidratado BIO (env. 1 kg.),13.98,12.582,Precio por envase de 1 kg.,,0.1,Canada,,,,,
6166,,"Arándano entero BIO deshidratado a baja temperatura, sin azúcar (zumo de manzana). Con textura mas tierna y sabor mas potente debido a la mínima extracción de su jugo (env. 500 grs.) ¡¡¡Premium!!!",7.98,Precio por envase de 500 grs.,,,0.1,Importación,,,,,
6166,,"Arándano entero BIO deshidratado a baja temperatura, sin azúcar (zumo de manzana). Con textura mas tierna y sabor mas potente debido a la mínima extracción de su jugo (env. 1 kg.) ¡¡¡Premium!!!",14.98,13.482,Precio por envase de 1 kg.,,0.1,Importación,,,,,
1866,,Banana Chips BIO (env. 500 grs.),3.89,Precio por envase de 500 grs.,,,0.1,Filipinas,,,,,
1866,,Banana Chips BIO (env. 1 kg.),6.79,6.111,Precio por envase de 1 kg.,,0.1,Filipinas,,,,,
1527,,Bayas de Goji BIO (env. 500 grs.),11.79,Precio por envase de 500 grs.,,,0.04,Tíbet,,,,,
1527,,Bayas de Goji BIO (env. 1 kg.),22.49,20.241,Precio por envase de 1 kg.,,0.04,Tíbet,,,,,
1476,,Mango deshidratado BIO,15.98,-,-,-,0.04,Burkina Faso,,,,,
5162,,Mango deshidratado semi-seco artesanal Keitt (env. 500 grs.) RAW,9.89,Precio por tarrina (biodegradable) de 500 grs.,,,0.04,Granada,,,,,
5162,,Mango deshidratado semi-seco artesanal Keitt (env. 3 kgs.) RAW,15.98,Precio por kilo en bolsa (biodegradable) de 3 kgs.,,,0.04,Granada,,,,,
5176,,Mango deshidratado semi-seco artesanal Kensington (env. 500 grs.) RAW,9.98,Precio por tarrina (biodegradable) de 500 grs.,,,0.04,Granada,,,,,
5163,,Mango deshidratado a baja temperatura semi-seco artesanal Kent (env. 500 grs.) RAW,10.89,Precio por tarrina (biodegradable) de 500 grs.,,,0.04,Granada,,,,,
5170,,Mango deshidratado semi-seco artesanal Lipens (env. 500 grs.) RAW,9.89,Precio por tarrina (biodegradable) de 500 grs.,,,0.04,Granada,,,,,
5165,,Mango deshidratado semi-seco artesanal Osteen (env. 500 grs.) RAW,9.89,Precio por tarrina (biodegradable) de 500 grs.,,,0.04,Granada,,,,,
5165,,Mango deshidratado semi-seco artesanal Osteen (env. 3 kgs.) RAW,15.98,Precio por kilo en bolsa (biodegradable) de 3 kgs.,,,0.04,Granada,,,,,
5171,Frutas y Verduras Secas y Deshidratadas,Mango deshidratado semi-seco artesanal Súper Haden (env. 500 grs.) RAW,9.89,Precio por tarrina (biodegradable) de 500 grs.,,,0.04,Granada,,,,,
5215,,Mango deshidratado a baja temperatura Irwin gourmet (crudo y en láminas),38.98,-,-,-,0.04,Granada,,,,,
1509,,Manzana deshidratada BIO,16.49,-,-,-,0.04,Granada,,,,,
1799,,Mora deshidratada BIO (env. 500 grs.),5.29,Precio por envase de 500 grs.,,,0.04,Turquía,,,,,
1799,,Mora deshidratada BIO (env. 1 kg.),9.59,8.631,Precio por envase de 1 kg.,,0.04,Turquía,,,,,
1535,,Pera deshidratada BIO,16.49,-,-,-,0.04,Granada,,,,,
1704,,Pimentón dulce de la Vera BIO (env. 500 grs.),6.49,Precio por bolsa de 500 grs.,,,0.1,Sierra de Gredos,,,,,
1704,,Pimentón dulce de la Vera BIO (env. 1 kg.),11.98,Precio por bolsa de 1 kg.,,,0.1,Sierra de Gredos,,,,,
6584,,Pimentón picante de la Vera BIO (env. 500 grs.),6.49,Precio por envase de 500 grs.,,,0.1,Sierra de Gredos,,,,,
6584,,Pimentón picante de la Vera BIO (env. 1 kg.),11.98,Precio por envase de 1 kg.,,,0.1,Sierra de Gredos,,,,,
1536,Frutas y Verduras Secas y Deshidratadas,Pimiento seco BIO,17.98,-,-,-,0.04,Granada,,,,,
5131,,Piña deshidratada a baja temperatura producción propia (env. 500 grs.) ¡¡¡Deliciosa!!!,9.98,Precio por envase de 500 grs.,,,0.04,Granada,,,,,
5131,,Piña deshidratada a baja temperatura producción propia (env. 1 kg.) ¡¡¡Deliciosa!!!,18.49,Precio por envase de 1 kg.,,,0.04,Granada,,,,,
1337,,Plátano deshidratado BIO (env. 500 grs.),10.49,Precio por envase de 500 grs.,,,0.04,Nacional,,,,,
1337,,Plátano deshidratado BIO (env. 1 kg.),19.98,Precio por envase de 1 kg.,,,0.04,Nacional,,,,,
3746,,"Plátano deshidratado semi-seco artesanal, escogidos de nuestra propia producción ecológica (env. 200 grs.)",3.39,Precio por tarrina (biodegradable) de 200 grs.,,,0.04,Granada,,,,,
1334,,"Tomate seco BIO (env. 200 grs.) ¡¡¡Deshidratado a baja temperatura 35º, calidad superior!!! ",3.98,Precio por envase de 200 grs.,,,0.1,Nacional,,,,,
1334,,"Tomate seco BIO (env. 1 kg.) ¡¡¡Deshidratado a baja temperatura 35º, calidad superior!!!",18.98,Precio por envase de 1 kg.,,,0.1,Nacional,,,,,
6110,,"Tomate seco BIO laminado (env. 200 grs.) ¡¡¡Deshidratado a baja temperatura 35º, calidad superior!!! RAW",5.29,Precio por envase de 200 grs.,,,0.1,Nacional,,,,,
6110,,"Tomate seco BIO laminado (env. 1 kg.) ¡¡¡Deshidratado a baja temperatura 35º, calidad superior!!! RAW",23.98,Precio por envase de 1 kg.,,,0.1,Nacional,,,,,
1537,,Zanahoria deshidratada BIO,15.84,Si se pide menos de 1 kg. el precio es de 16.98€/kg.,,,0.04,Granada,,,,,
,,Miel,,,,,,,,,,,
3925,,Miel de aguacate (env. 1 kg.),9.29,8.360999999999999,Precio por envase de 1 kg.,,0.1,Granada,,,,,
5113,,Miel de azahar (env. 1 kg.),9.29,8.360999999999999,Precio por envase de 1 kg.,,0.1,Granada,,,,,
1156,Miel,Miel de azahar BIO (env. 1 kg.),14.59,13.131,Precio por envase de 1 kg.,,0.1,Huelva,,,,,
6053,,Miel de brezo BIO (env. 800 grs.),12.98,11.682,Precio por envase de 1 kg.,,0.1,León,,,,,
6054,,Miel de castaño BIO (env. 800 grs.),12.98,11.682,Precio por envase de 1 kg.,,0.1,León,,,,,
1446,,Miel de encina BIO (env. 1 kg.),14.98,13.482,Precio por envase de 1 kg.,,0.1,Huelva,,,,,
3498,,Miel de eucalipto (env. 1 kg.),7.79,7.011,Precio por envase de 1 kg.,,0.1,Granada,,,,,
1324,,Miel de eucalipto BIO (env. 1 kg.),14.69,13.221,Precio por envase de 1 kg.,,0.1,Huelva,,,,,
5189,,Miel de flor de níspero (env. 1 kg.),9.29,8.360999999999999,Precio por envase de 1 kg.,,0.1,Granada,,,,,
1444,,Miel de Huelva multiflora BIO cruda sin filtrar (env. 1 kg.),11.19,10.071,Precio por envase de 1 kg.,,0.1,Huelva,,,,,
1445,,Miel de lavanda BIO (env. 1 kg.),13.69,12.321,Precio por envase de 1 kg.,,0.1,Huelva,,,,,
5107,,Miel de montaña (env. 1 kg.),9.29,8.360999999999999,Precio por envase de 1 kg.,,0.1,Granada,,,,,
3585,,Miel de romero (env. 1 kg.),9.29,8.360999999999999,Precio por envase de 1 kg.,,0.1,Granada,,,,,
3816,,Miel de tomillo (env. 1 kg.),9.29,8.360999999999999,Precio por envase de 1 kg.,,0.1,Granada,,,,,
6055,Miel,Miel del bosque BIO (env. 800 grs.),12.49,11.241,Precio por envase de 1 kg.,,0.1,León,,,,,
5312,,Miel multiflora sólida (env. 500 grs.),4.89,4.401,Precio por envase de 500 grs.,,0.1,Granada,,,,,
5114,,Miel multiflora (env. 1 kg.),7.79,7.011,Precio por envase de 1 kg.,,0.1,Granada,,,,,
,Polen,Polen,,,,,,,,,,,
1442,,Polen seco BIO (env. 225 grs.),9.39,8.451,Precio por envase de 225 grs.,,0.1,Huelva,,,,,
1564,,Polen seco BIO (env. 500 grs.),16.69,15.021,Precio por envase de 500 grs.,,0.1,Huelva,,,,,
,Agua de Mar,Agua de Mar,,,,,,,,,,,
3377,,Agua de mar micro-filtrada hipertónica (bag in box 3 litros),5.64,5.076,Precio por envase de 3 litros,,0.1,Mar Mediterráneo (Ibiza),,,,,
3720,,Agua de mar micro-filtrada hipertónica (bag in box 11 litros),14.54,13.085999999999999,Precio por envase de 11 litros,,0.1,Mar Mediterráneo (Ibiza),,,,,
3379,,Agua de mar micro-filtrada hipertónica (bag in box 20 litros),23.63,21.267,Precio por envase de 20 litros,,0.1,Mar Mediterráneo (Ibiza),,,,,
,,Agua Mineral,,,,,,,,,,,
3680,,Agua mineral estructurada y anclada Onura (env. 1 litro cristal),2.59,Precio por envase de cristal de 1 litro,,,0.1,Nacional,,,,,
,Productos Fermentados Crudos sin Pasteurizar,Productos Fermentados Crudos sin Pasteurizar,,,,,,,,,,,
1685,,Chucrut crudo sin pasteurizar artesanal BIO (env. cristal 500 grs.),3.19,Precio por envase de cristal de 500 ml.,,,0.21,Granada,,,,,
1688,,Chucrut crudo sin pasteurizar artesanal BIO (env. cristal 250 grs.),2.49,Precio por envase de cristal de 250 ml.,,,0.21,Granada,,,,,
6092,,Kombucha exótica (fresa e hibisco) BIO Viver (env. 500 ml. cristal),3.43,Precio por envase de cristal de 500 ml.,,,0.21,Granada,,,,,
6093,,Kombucha oceánica (espirulina y limón) BIO Viver (env. 500 ml. cristal),3.73,Precio por envase de cristal de 500 ml.,,,0.21,Granada,,,,,
6095,,Kombucha original (jengibre y cúrcuma) BIO Viver (env. 500 ml. cristal),3.43,Precio por envase de cristal de 500 ml.,,,0.21,Granada,,,,,
,Zumos BIO en Envase de Cristal,Zumos BIO en Envase de Cristal,,,,,,,,,,,
1681,,Zumo arándano azul BIO Delizum (env. 750 ml. cristal),4.98,Precio por envase de cristal de 750 ml.,,,0.1,Nacional,,,,,
1680,,Zumo arándano rojo BIO Delizum (env. 750 ml. cristal),4.92,Precio por envase de cristal de 750 ml.,,,0.1,Nacional,,,,,
6011,,Zumo chucrut lactofermentado BIO Voelkel (env. 700 ml. cristal),3.14,Precio por envase de cristal de 700 ml.,,,0.1,Alemania,,,,,
1463,,Zumo granada no concentrado BIO Delizum (env. 700 ml. cristal),3.59,Precio por envase de cristal de 700 ml.,,,0.1,Nacional,,,,,
1631,,Zumo limonada BIO Delizum (env. 750 ml. cristal),1.44,Precio por envase de cristal de 750 ml.,,,0.1,Nacional,,,,,
1465,,Zumo manzana BIO Delizum (env. 750 ml. cristal),1.79,Precio por envase de cristal de 750 ml.,,,0.1,Nacional,,,,,
1467,,Zumo melocotón BIO Delizum (env. 750 ml. cristal),1.79,Precio por envase de cristal de 750 ml.,,,0.1,Nacional,,,,,
1632,,Zumo nectar de mango BIO Delizum (env. 750 ml. cristal),1.79,Precio por envase de cristal de 750 ml.,,,0.1,Nacional,,,,,
1672,,Zumo piña BIO Delizum (env. 750 ml. cristal),1.79,Precio por envase de cristal de 750 ml.,,,0.1,Nacional,,,,,
1630,Zumos BIO en Envase de Cristal,Zumo remolacha BIO Delizum (env. 750 ml. cristal),1.77,Precio por envase de cristal de 750 ml.,,,0.1,Nacional,,,,,
1743,,Zumo remolacha BIO Voelkel (env. 750 ml. cristal),3.19,Precio por envase de cristal de 750 ml.,,,0.1,Alemania,,,,,
1468,,Zumo tomate BIO Delizum (env. 750 ml. cristal),1.59,Precio por envase de cristal de 750 ml.,,,0.1,Nacional,,,,,
1469,,Zumo tropical BIO (env. 750 ml. cristal),1.98,Precio por envase de cristal de 750 ml.,,,0.1,Nacional,,,,,
1670,,Zumo uva blanca BIO Delizum (env. 750 ml. cristal),1.69,Precio por envase de cristal de 750 ml.,,,0.1,Nacional,,,,,
1466,,Zumo uva roja BIO Delizum (env. 750 ml. cristal),1.69,Precio por envase de cristal de 750 ml.,,,0.1,Nacional,,,,,
1635,,Zumo uva roja BIO Delizum (env. 1 litro cristal),2.19,Precio por envase de cristal de 1 litro,,,0.1,Nacional,,,,,
1792,,Zumo uva tinta Garnacha BIO (env. 1 litro cristal),2.29,Precio por envase de cristal de 1 litro,,,0.1,Nacional,,,,,
1711,,Zumo zanahoria y aloe BIO (env. 750 ml. cristal),1.64,Precio por envase de cristal de 750 ml.,,,0.1,Nacional,,,,,
1669,,Zumo zanahoria y naranja BIO Delizum (env. 750 ml. cristal),1.69,Precio por envase de cristal de 750 ml.,,,0.1,Nacional,,,,,
,Sales,Sales,,,,,,,,,,,
3673,,Adios Salt! Picante (env. 50 grs.),3.19,Precio por envase de 50 grs.,,,0.1,Unión Europea,,,,,
1236,,Flor de sal BIO con hierbas aromaticas (env. 175 grs.),2.49,Precio por envase de 175 grs.,,,0.1,Portugal,,,,,
3291,,Sal de Tavira gruesa (env. 1 kg.),1.39,Precio por envase de 1 kg.,,,0.1,Portugal,,,,,
3713,,Sal del Himalaya molida (env. 1 kg.),1.98,1.782,Precio por envase de 1 kg.,,0.1,Pakistán,,,,,
,Cosmética Consciente,Cosmética Consciente,,,,,,,,,,,
4035,,Pack cosmetica vegana residuos cero (champú solido + desodorante sólido + dentífrico sólido + oriculi),23.59,-,-,-,0.21,Unión Europea,,,,,
4037,,Jabón sólido para afeitar vegano (env. 55 grs.),7.49,Precio por envase de 55 grs.,,,0.21,Unión Europea,,,,,
,Máquinas y Utensilios Saludables,Máquinas y Utensilios saludables,,,,,,,,,,,
4040,,Abridor nuez de Macadamia Easy Cracker (base de madera con palanca de presión),70.98,Precio por unidad,,,0.21,Importación,,,,,
,,Batidora Vitamix Ascent 2300i. Consultar descuentos y promociones,495.04,Precio por unidad,,,0.21,Nacional,,,,,
,,Batidora Vitamix Ascent 2500i. Diferentes colores. Consultar descuentos y promociones,577.68,Precio por unidad,,,0.21,Nacional,,,,,
4032,,"Batidora Vitamix Ascent 3500i ¡¡¡Oferta especial, último modelo totalmente digital!!! Consultar descuentos y promociones",742.98,Precio por unidad,,,0.21,Nacional,,,,,
4012,,Bolsa 100% nylon premium para hacer leches vegetales y jugos (muy resistente) ¡¡¡RAW food life!!!,10.79,Precio por unidad,,,0.21,Alemania,,,,,
4011,,"Bolsa tela de fibra de cáñamo, especial para hacer germinados y leches vegetales raw",7.89,Precio por unidad,,,0.21,Nacional,,,,,
1600,,Botella cristal azul Om Water,13.69,12.321,-,-,0.1,Nacional,,,,,
4029,,Cazuela de cristal Visions Diamond 5 litros ¡¡¡Oferta especial!!!,79,Precio por unidad,,,0.21,Nacional,,,,,
4125,,ChufaMix Classic Vegan Milker (utensilio muy práctico para hacer leches vegetales),29.67,Precio por unidad,,,0.21,Nacional,,,,,
4025,Máquinas y Utensilios Saludables,Extractor de zumo ANGEL JUICER Cool Press 5500 Luxury,919,Acero inoxidable SUS304,,,0.21,Unión Europea,,,,,
4024,,Extractor de zumo ANGEL JUICER Cool Press 7500 Luxury,998,Acero inoxidable SUS304,,,0.21,Unión Europea,,,,,
4026,,Extractor de zumo ANGEL JUICER Cool Press 8500-S Luxury,1219,Acero inoxidable SUS316,,,0.21,Unión Europea,,,,,
4028,,Extractor de zumo SOLOSTAR 4 blanco SS-4200 ¡¡¡Oferta especial!!!,319,Precio por unidad,,,0.21,Nacional,,,,,
,,"Extractor de zumo manual Juicer Z-Star Z-710. Para vegetales y jugo de hierba de trigo, etc.",,Precio por unidad,,,0.21,Corea,,,,,
4003,,Extractor manual Lexen Healthy Juicer,48.99,Precio por unidad,,,0.21,Importación,,,,,
4100,,Prensa para hacer pickles y fermentados varios 1'6 litros,28.49,Precio por unidad,,,0.21,Importación,,,,,
4006,,Set de 7 cuchillos con baño de cerámica ¡¡¡Oferta!!!,19,Precio por set completo 7 piezas,,,0.21,Suiza,,,,,
,Libros de Salud,Libros de Salud,,,,,,,,,,,
4044,,"Algas, las verduras del mar por Montse Bradford",23.49,Las adelgazantes y nutritivas verduras del mar,,,0.21,Nacional,,,,,
3656,,Salud por los alimentos. Dr. Jorge Pamplona Roger,26.89,Propiedades e indicaciones de los alimentos vegetales más destacados,,,0.21,Nacional,,,,,
4045,,Transforma tu alimentación con Montse Bradford,15.62,Aprende paso a paso cómo estar sano y vital,,,0.21,Nacional,,,,,
4088,,Tus leches vegetales caseras (en castellano y francés),8.1,"Libro con más de 70 recetas de leches, batidos vegetales, yogurt y quesos veganos",,,0.21,Nacional,,,,,
,,"NOTA IMPORTANTE: Para que podamos tener una planificación de stock en nuestro almacén lo más exacta posible y así poder evitar faltas en los envíos de vuestros pedidos, os pedimos que en todo lo posible se pasaran a más tardar el domingo por la tarde, independientemente de la fecha de entrega que vayan a tener durante la semana. También recordaros que el pedido mínimo en fruta y verdura es de 1 kg. por artículo, en pedidos con cantidades inferiores se pondrá por defecto un kilo.

Gracias por vuestra colaboración!!!",,,,,,,,,,,
,,,,,,,,,,,,,
,,,,,,,,,,,,,
